Name,ID,Requester
cat_image17.jpg,,Subscriber28
dog_image44.jpg,,Subscriber28
dog_image16.jpg,,Subscriber7
dog_image4.jpg,,Subscriber31
dog_image18.jpg,,Subscriber10
cat_image34.jpg,,Subscriber7
dog_image45.jpg,,Subscriber25
cat_image40.jpg,,Subscriber19
cat_image29.jpg,,Subscriber37
dog_image2.jpg,,Subscriber28
dog_image47.jpg,,Subscriber10
dog_image20.jpg,,Subscriber22
dog_image19.jpg,,Subscriber31
cat_image8.jpg,,Subscriber34
cat_image47.jpg,,Subscriber25
dog_image37.jpg,,Subscriber31
cat_image35.jpg,,Subscriber37
dog_image9.jpg,,Subscriber31
cat_image19.jpg,,Subscriber25
dog_image42.jpg,,Subscriber37
cat_image38.jpg,,Subscriber16
cat_image39.jpg,,Subscriber1
dog_image31.jpg,,Subscriber25
dog_image23.jpg,,Subscriber10
cat_image23.jpg,,Subscriber16
dog_image50.jpg,,Subscriber13
cat_image2.jpg,,Subscriber4
cat_image30.jpg,,Subscriber13
dog_image6.jpg,,Subscriber31
cat_image20.jpg,,Subscriber19
cat_image41.jpg,,Subscriber34
cat_image22.jpg,,Subscriber13
dog_image29.jpg,,Subscriber10
cat_image36.jpg,,Subscriber7
dog_image46.jpg,,Subscriber13
dog_image24.jpg,,Subscriber31
dog_image35.jpg,,Subscriber34
dog_image17.jpg,,Subscriber28
dog_image22.jpg,,Subscriber31
cat_image25.jpg,,Subscriber34
