Content,ID
dog_image4.jpg,
dog_image49.jpg,
dog_image50.jpg,
dog_image41.jpg,
dog_image7.jpg,
dog_image8.jpg,
cat_image4.jpg,
cat_image14.jpg,
dog_image15.jpg,
cat_image38.jpg,
dog_image13.jpg,
dog_image37.jpg,
cat_image25.jpg,
dog_image21.jpg,
cat_image30.jpg,
dog_image25.jpg,
dog_image47.jpg,
dog_image40.jpg,
dog_image38.jpg,
cat_image26.jpg,
dog_image44.jpg,
cat_image7.jpg,
dog_image6.jpg,
dog_image31.jpg,
cat_image27.jpg,
cat_image12.jpg,
cat_image28.jpg,
dog_image28.jpg,
dog_image5.jpg,
cat_image1.jpg,
dog_image30.jpg,
cat_image34.jpg,
cat_image13.jpg,
cat_image19.jpg,
cat_image21.jpg,
dog_image24.jpg,
dog_image36.jpg,
dog_image45.jpg,
dog_image32.jpg,
cat_image8.jpg,
dog_image35.jpg,
dog_image9.jpg,
cat_image35.jpg,
dog_image18.jpg,
dog_image42.jpg,
cat_image49.jpg,
dog_image48.jpg,
dog_image10.jpg,
dog_image17.jpg,
dog_image19.jpg,
cat_image31.jpg,
cat_image24.jpg,
cat_image48.jpg,
cat_image29.jpg,
cat_image32.jpg,
cat_image16.jpg,
cat_image18.jpg,
dog_image1.jpg,
dog_image14.jpg,
cat_image44.jpg,
dog_image2.jpg,
cat_image33.jpg,
cat_image5.jpg,
